epoch,model_name,kl1,kl2,loss_rec,loss_cor,spec_total_loss,psnr,total_smoothness_loss,total_freq_weighted_loss,z1_private,z1_share,z_sample
1,JointCNNBasedVAE,0.0,0.0,5.9868434618692845e-05,0.0,0.0008831495069898665,0.6266793012619019,6.452613160945475e-05,0.0002048170135822147,"torch.Size([3, 10])","torch.Size([3, 10])","torch.Size([3, 20])"
2,JointCNNBasedVAE,0.0,0.0,4.7603214625269175e-05,0.0,0.0007645096629858017,0.6359841823577881,4.510187864070758e-05,0.00018509650544729084,"torch.Size([3, 10])","torch.Size([3, 10])","torch.Size([3, 20])"
3,JointCNNBasedVAE,0.0,0.0,5.79139705223497e-05,0.0,0.0008693519630469382,0.6280264854431152,0.00013766082702204585,0.0001996200589928776,"torch.Size([3, 10])","torch.Size([3, 10])","torch.Size([3, 20])"
4,JointCNNBasedVAE,0.0,0.0,4.373669435153715e-05,0.0,0.0007494064630009234,0.6394224762916565,9.592284186510369e-05,0.0001733358221827075,"torch.Size([3, 10])","torch.Size([3, 10])","torch.Size([3, 20])"
5,JointCNNBasedVAE,0.0,0.0,5.112175131216645e-05,0.0,0.0007930300198495388,0.6330898404121399,7.861694029998034e-05,0.00018119998276233673,"torch.Size([3, 10])","torch.Size([3, 10])","torch.Size([3, 20])"
6,JointCNNBasedVAE,0.0,0.0,9.36137730604969e-05,0.0,0.0010953546734526753,0.6085352301597595,3.201016443199478e-05,0.0002485190925654024,"torch.Size([3, 10])","torch.Size([3, 10])","torch.Size([3, 20])"
7,JointCNNBasedVAE,0.0,0.0,7.121347880456597e-05,0.0,0.0009555708384141326,0.6196359395980835,8.75191472005099e-05,0.00022033437562640756,"torch.Size([3, 10])","torch.Size([3, 10])","torch.Size([3, 20])"
