epoch,model_name,kl1,kl2,loss_rec,loss_cor,spec_total_loss,psnr,total_smoothness_loss,total_freq_weighted_loss,after_z1,after_z2
1,ResBasedVAE,0.0,0.0,0.00011575879761949182,-0.0014276757137849927,0.001248477608896792,0.5999170541763306,8.42521694721654e-05,0.00034315226366743445,10,10
2,ResBasedVAE,0.0,0.0,8.128171612042934e-05,-0.0012303763069212437,0.00107267324347049,0.6142686605453491,0.00018258531054016203,0.0002478138485457748,10,10
3,ResBasedVAE,0.0,0.0,9.118078742176294e-05,-0.001863813609816134,0.00112537806853652,0.609604001045227,0.00019913037249352783,0.00024077137641143054,10,10
4,ResBasedVAE,0.0,0.0,9.59240787778981e-05,-0.0027540940791368484,0.0011578004341572523,0.6075457334518433,0.0001619393442524597,0.00026142035494558513,10,10
5,ResBasedVAE,0.0,0.0,7.45798897696659e-05,-0.002699814969673753,0.0009852400980889797,0.6177611947059631,0.00011847439600387588,0.00021490256767719984,10,10
