Epoch,Avg_MSE_Loss,Avg_Nuclear_Loss,Avg_Cosine_Loss,Avg_Spectral_Loss,Avg_Spectral_SNR,Avg_Magnitude_Loss,Avg_Phase_Loss,Avg_Total_Loss,psnr_obs,psnr_clean,after_z1,after_z2,before_z1,before_z2
0.5250959450006485,0.1477008903026581,-0.986462230682373,1.0501918935775756,0.8346575778722763,1.4867592507600784,0.6347569692134857,1.0501918935775756,26.229647903442384,26.229647903442384,8,8,128,128
