Epoch,Avg_MSE_Loss,Avg_Nuclear_Loss,Avg_Cosine_Loss,Avg_Spectral_Loss,Avg_Spectral_SNR,Avg_Magnitude_Loss,Avg_Phase_Loss,Avg_Total_Loss,psnr_obs,psnr_clean,after_z1,before_z1
0.5664171209931373,0.1786368829011917,0.0,1.1328342151641846,0.6597847759723663,1.6288663056492805,0.6368022000789643,1.1328342151641846,26.09004753112793,26.09004753112793,128,256
