Epoch,Avg_MSE_Loss,Avg_Nuclear_Loss,Avg_Cosine_Loss,Avg_Spectral_Loss,Avg_Spectral_SNR,Avg_Magnitude_Loss,Avg_Phase_Loss,Avg_Total_Loss,psnr_obs,psnr_clean,after_z1,before_z1
0.5352701604366302,0.15067341506481172,0.0,1.0705403077602387,0.6744065165519715,1.5062229478359221,0.6348577797412872,1.0705403077602387,26.441263809204102,26.441263809204102,64,128
