Avg_MSE_Loss,Avg_Nuclear_Loss,Avg_Cosine_Loss,Avg_Spectral_Loss,Avg_Spectral_SNR,Avg_Magnitude_Loss,Avg_Phase_Loss,Avg_Total_Loss,psnr_obs,psnr_clean,after_z1,after_z2,after_z3,after_z4,before_z1,before_z2,before_z3,before_z4
0.004063145499676466,0.2650845062732696,-0.2978312277793884,0.00812629098072648,12.471251029968261,0.00012564768258016557,0.01612693417817354,0.00812629098072648,24.23663444519043,24.23663444519043,2,2,2,2,128,128,128,128
