Epoch,Avg_MSE_Loss,Avg_Nuclear_Loss,Avg_Cosine_Loss,Avg_Spectral_Loss,Avg_Spectral_SNR,Avg_Magnitude_Loss,Avg_Phase_Loss,Avg_Total_Loss,psnr_obs,psnr_clean,after_z1,before_z1
0.5281980204582214,0.16624791622161866,0.0,1.0563960421085357,0.6751282960176468,1.4761091977357865,0.63668292760849,1.0563960421085357,26.451083145141602,26.451083145141602,32,256
