Epoch,Avg_MSE_Loss,Avg_Nuclear_Loss,Avg_Cosine_Loss,Avg_Spectral_Loss,Avg_Spectral_SNR,Avg_Magnitude_Loss,Avg_Phase_Loss,Avg_Total_Loss,psnr_obs,psnr_clean,after_z1,before_z1
0.5495388293266297,0.17915608644485473,0.0,1.0990776467323302,0.7658169758319855,1.5612447655200958,0.6369105994701385,1.0990776467323302,26.196079635620116,26.196079635620116,256,256
