Epoch,Avg_MSE_Loss,Avg_Nuclear_Loss,Avg_Cosine_Loss,Avg_Spectral_Loss,Avg_Spectral_SNR,Avg_Magnitude_Loss,Avg_Phase_Loss,Avg_Total_Loss,after_z1,after_z2,before_z1,before_z2
0.5341216173768043,0.14758699178695678,-0.9864327502250672,1.0682432216405868,0.8188795518875122,1.5018263953924178,0.6346600937843323,1.0682432216405868,7,7,16,16
