Epoch,Avg_MSE_Loss,Avg_Nuclear_Loss,Avg_Cosine_Loss,Avg_Spectral_Loss,Avg_Spectral_SNR,Avg_Magnitude_Loss,Avg_Phase_Loss,Avg_Total_Loss,psnr_obs,psnr_clean,after_z1,after_z2,after_z3,after_z4,before_z1,before_z2,before_z3,before_z4
0.00406177194789052,0.25036313593387605,-0.30272183775901795,0.008123543914407491,12.477744026184082,0.0001258736164891161,0.0161212139762938,0.008123543914407491,24.243097457885742,24.243097457885742,16,16,16,16,128,128,128,128
