Epoch,Avg_MSE_Loss,Avg_Nuclear_Loss,Avg_Cosine_Loss,Avg_Spectral_Loss,Avg_Spectral_SNR,Avg_Magnitude_Loss,Avg_Phase_Loss,Avg_Total_Loss,psnr_obs,psnr_clean,before_z1,before_z2,after_z1,after_z2
1,1.1866474219088285,0.07745128560740992,-0.8571761059311201,2.373294860686896,0.14307177291726167,4.702651975289831,0.8549483086702958,2.373294860686896,-0.3884498268928168,-0.3884498268928168,128,128,16,16
2,1.0847817366977908,0.07358931398616647,-0.9893712401390076,2.1695635082586757,0.5065590143203735,4.214395721003695,0.8505893248432087,2.1695635082586757,0.05783716244798786,0.05783716244798786,128,128,16,16
3,1.0516898564572603,0.0713272030061146,-0.9948281229666944,2.1033797399053036,0.6059261540759284,4.0732500260730955,0.8346429287262682,2.1033797399053036,0.18568891877273344,0.18568891877273344,128,128,16,16
4,1.0527800985102385,0.0703074185634559,-0.9969269149708297,2.1055602431297302,0.6229787811215194,4.084044829854426,0.8336384785625169,2.1055602431297302,0.21846284717321396,0.21846284717321396,128,128,16,16
5,1.049875462392591,0.07186152097189201,-0.995520959485252,2.0997509585236602,0.6061135356156331,4.069408230061801,0.8361117687990081,2.0997509585236602,0.15779368653190587,0.15779368653190587,128,128,16,16
