Avg_MSE_Loss,Avg_Nuclear_Loss,Avg_Cosine_Loss,Avg_Spectral_Loss,Avg_Spectral_SNR,Avg_Magnitude_Loss,Avg_Phase_Loss,Avg_Total_Loss,psnr_obs,psnr_clean,after_z1,after_z2,before_z1,before_z2
1.3350048369169236,0.1937258732318878,0.0,1.3350048345327377,0.5203804594278335,1.678602404296398,0.637741014957428,1.158171706199646,48.526045684814456,47.315413055419924,64,64,128,128
