Avg_MSE_Loss,Avg_Nuclear_Loss,Avg_Cosine_Loss,Avg_Spectral_Loss,Avg_Spectral_SNR,Avg_Magnitude_Loss,Avg_Phase_Loss,Avg_Total_Loss,psnr_obs,psnr_clean,after_z1,after_z2,before_z1,before_z2
1.051363832950592,0.17412121415138246,0.0,1.0513637918233871,0.8484083741903305,1.4888802534341812,0.6346644651889801,1.0617723208665848,4.256828973293304,4.379955227375031,8,8,16,16
