Epoch,Avg_MSE_Loss,Avg_Nuclear_Loss,Avg_Cosine_Loss,Avg_Spectral_Loss,Avg_Spectral_SNR,Avg_Magnitude_Loss,Avg_Phase_Loss,Avg_Total_Loss,psnr_obs,psnr_clean,after_z1,after_z2,after_z3,after_z4,before_z1,before_z2,before_z3,before_z4
0.5478505727648735,0.2545849186182022,-0.14800981491804122,1.0957011717557907,0.9535635328292846,1.5558974051475525,0.635504961013794,1.0957011717557907,26.19504440307617,27.67759002685547,64,64,64,64,128,128,128,128
