Epoch,Avg_MSE_Loss,Avg_Nuclear_Loss,Avg_Cosine_Loss,Avg_Spectral_Loss,Avg_Spectral_SNR,Avg_Magnitude_Loss,Avg_Phase_Loss,Avg_Total_Loss,psnr_obs,psnr_clean,after_z1,after_z2,after_z3,after_z4,before_z1,before_z2,before_z3,before_z4
0.5142698195576668,0.15018775820732116,-1.9783990859985352,1.0285396230220796,0.9054796433448792,1.4225751453638076,0.6345040869712829,1.0285396230220796,4.373534650802612,4.373534650802612,7,7,8,7,16,16,16,16
